City_ID,City,Cloudiness,Country,Date,Humidity,Lat,Lng,Max Temp,Wind Speed
0,kupang,75,ID,1548453600,94,-10.16,123.6,75.2,11.34
1,teeli,0,RU,1548455597,54,51.01,90.2,-14.53,2.39
2,busselton,0,AU,1548455597,100,-33.64,115.35,62.15,13.24
3,rikitea,36,PF,1548455597,100,-23.12,-134.97,79.84,13.13
4,vaini,8,IN,1548455597,85,15.34,74.49,54.37,2.06
5,georgetown,40,GY,1548453600,74,6.8,-58.16,80.6,9.17
6,punta arenas,20,CL,1548453600,43,-53.16,-70.91,51.8,28.86
7,camopi,68,GF,1548455598,89,3.17,-52.33,75.2,2.62
8,ushuaia,40,AR,1548453600,69,-54.81,-68.31,44.6,19.46
9,kodiak,90,US,1548453300,72,39.95,-94.76,33.98,12.75
10,port alfred,76,ZA,1548455599,92,-33.59,26.89,66.97,10.67
11,thompson,20,CA,1548453600,61,55.74,-97.86,-18.41,9.17
12,burnie,0,AU,1548455600,100,-41.05,145.91,63.32,10.67
13,capreol,75,CA,1548453600,70,46.71,-80.92,-4.01,5.82
14,kodinsk,80,RU,1548455600,85,58.6,99.18,4.91,2.73
15,east wenatchee bench,1,US,1548453300,75,47.43,-120.28,48.92,1.95
16,akureyri,75,IS,1548453600,92,65.68,-18.09,19.4,4.25
17,atuona,32,PF,1548455601,100,-9.8,-139.03,77.59,13.8
18,fortuna,0,ES,1548453600,50,38.18,-1.13,57.2,9.17
19,mandiana,0,GN,1548455602,39,10.62,-8.7,69.49,8.21
20,dikson,64,RU,1548455602,86,73.51,80.55,-2.56,13.47
21,presidencia roque saenz pena,0,AR,1548455602,62,-26.79,-60.44,89.92,8.43
22,baikunthpur,68,IN,1548455602,98,23.26,82.56,56.62,2.95
23,saint-augustin,90,FR,1548453600,81,44.83,-0.61,50.0,4.7
24,puerto madryn,0,AR,1548455603,55,-42.77,-65.04,71.69,14.47
25,san quintin,44,PH,1548455603,75,17.54,120.52,70.07,5.64
26,avarua,90,CK,1548453600,94,-21.21,-159.78,78.8,10.29
27,saint-philippe,40,CA,1548454560,53,45.36,-73.48,25.52,18.34
28,bubaque,12,GW,1548455604,94,11.28,-15.83,78.35,9.66
29,brae,56,GB,1548454800,86,60.4,-1.35,42.8,6.93
30,husavik,20,CA,1548455604,39,50.56,-96.99,-26.05,6.42
31,chuy,56,UY,1548455605,85,-33.69,-53.46,74.75,16.82
32,tasiilaq,8,GL,1548453000,41,65.61,-37.64,21.2,2.24
33,coahuayana,0,MX,1548455605,26,18.62,-100.35,79.43,2.17
34,jamestown,20,AU,1548455606,47,-33.21,138.6,79.61,3.96
35,deputatskiy,20,RU,1548455606,0,69.3,139.9,-43.87,2.28
36,araouane,80,ML,1548455606,42,18.9,-3.53,50.27,4.63
37,gurlan,0,UZ,1548453600,80,41.84,60.39,35.6,11.41
38,luganville,68,VU,1548455607,100,-15.51,167.18,78.8,7.43
39,qaanaaq,36,GL,1548455607,100,77.48,-69.36,-10.66,3.62
40,saldanha,0,PT,1548455607,79,41.42,-6.55,30.11,2.73
41,victoria,75,BN,1548453600,100,5.28,115.24,77.0,5.3
42,airai,44,TL,1548455608,91,-8.93,125.41,73.67,2.06
43,upernavik,64,GL,1548455608,100,72.79,-56.15,8.51,6.76
44,pisco,0,PE,1548453600,30,-13.71,-76.2,71.6,16.11
45,kaitangata,100,NZ,1548455608,98,-46.28,169.85,60.76,13.58
46,kirkwall,90,GB,1548454800,87,58.98,-2.96,42.8,13.87
47,saint george,75,GR,1548453000,93,39.45,22.34,44.6,2.62
48,hasaki,75,JP,1548453840,86,35.73,140.83,33.8,10.29
49,kazachinskoye,12,RU,1548455609,69,57.69,93.28,4.82,7.87
50,pochutla,40,MX,1548452400,74,15.74,-96.47,82.4,10.29
51,nanortalik,92,GL,1548455610,100,60.14,-45.24,29.21,33.93
52,bredasdorp,48,ZA,1548453600,82,-34.53,20.04,62.6,4.7
53,san cristobal,20,EC,1548453600,64,-0.39,-78.55,68.0,17.22
54,ruteng,100,ID,1548455611,100,-8.61,120.46,74.03,6.53
55,kanye,32,BW,1548455611,95,-24.98,25.34,64.36,2.84
56,hilo,1,US,1548453180,54,19.71,-155.08,82.04,5.82
57,albany,75,US,1548453240,62,42.65,-73.75,28.04,18.34
58,severo-kurilsk,32,RU,1548455612,100,50.68,156.12,24.98,7.2
59,shingu,0,JP,1548455612,100,33.72,135.99,46.4,21.3
60,sisimiut,0,GL,1548455612,100,66.94,-53.67,2.84,5.53
61,ponta do sol,80,BR,1548455613,57,-20.63,-46.0,73.58,10.78
62,nikolskoye,0,RU,1548453600,84,59.7,30.79,6.8,8.95
63,sobolevo,92,RU,1548455613,80,54.43,31.9,8.24,17.27
64,mehamn,0,NO,1548453000,85,71.03,27.85,21.2,10.29
65,provideniya,88,RU,1548455614,100,64.42,-173.23,15.71,13.47
66,nalut,0,LY,1548455614,65,31.86,10.98,39.92,12.46
67,castro,76,CL,1548453600,44,-42.48,-73.76,60.8,13.87
68,cape town,0,ZA,1548453600,64,-33.93,18.42,68.0,20.8
69,volax,92,GR,1548455615,96,41.32,24.0,36.32,2.06
70,kuryk,0,KZ,1548455615,100,43.18,51.68,30.11,4.41
71,butaritari,88,KI,1548455615,100,3.07,172.79,83.89,15.48
72,kyzyl-suu,8,KG,1548455615,100,42.34,78.0,8.47,5.41
73,simga,75,IN,1548450000,100,21.63,81.7,60.8,8.05
74,hobart,75,AU,1548453600,48,-42.88,147.33,64.4,9.17
75,klaksvik,48,FO,1548453000,80,62.23,-6.59,35.6,17.22
76,tiksi,48,RU,1548455617,39,71.64,128.87,-25.6,9.22
77,brisbane,75,AU,1548453600,83,-27.47,153.02,80.6,3.36
78,ballangen,75,NO,1548453000,57,68.34,16.83,21.2,18.34
79,djambala,20,CG,1548455617,96,-2.55,14.76,71.24,6.64
80,katsuura,75,JP,1548453600,69,33.93,134.5,41.0,14.99
81,lazaro cardenas,20,MX,1548452700,18,28.39,-105.62,64.4,9.17
82,mandurah,0,AU,1548453600,72,-32.55,115.7,59.0,8.05
83,torbay,90,CA,1548453600,100,47.66,-52.73,39.2,17.22
84,rio branco,40,BR,1548453600,78,-9.98,-67.82,82.4,3.36
85,kolokani,0,ML,1548455619,59,13.58,-8.03,58.06,3.96
86,loiza,40,PR,1548453360,71,18.43,-65.88,78.08,12.75
87,payakumbuh,92,ID,1548455619,98,-0.23,100.63,71.42,2.06
88,cidreira,32,BR,1548455620,86,-30.17,-50.22,75.92,15.7
89,henties bay,0,NA,1548455620,100,-22.12,14.28,60.67,4.07
90,kruisfontein,80,ZA,1548455620,92,-34.0,24.73,64.4,12.46
91,hermanus,44,ZA,1548455620,86,-34.42,19.24,59.59,6.42
92,vila velha,20,BR,1548453600,74,-3.71,-38.6,82.4,6.93
93,port macquarie,0,AU,1548453600,69,-31.43,152.91,82.4,4.7
94,russell,40,AR,1548453600,44,-33.01,-68.8,98.6,5.82
95,novobirilyussy,44,RU,1548455621,71,56.95,90.69,1.22,8.43
96,nyandoma,44,RU,1548455622,60,61.67,40.21,-6.88,3.85
97,puerto ayora,20,EC,1548453600,62,-0.74,-90.35,86.0,18.34
98,keuruu,90,FI,1548454800,92,62.26,24.71,19.4,5.82
99,cherskiy,12,RU,1548455622,59,68.75,161.3,-33.3,3.29
100,port blair,24,IN,1548455622,100,11.67,92.75,82.31,10.78
101,tongling,0,CN,1548455623,78,30.93,117.81,25.84,6.2
102,petrozavodsk,76,RU,1548453600,83,61.79,34.39,-5.81,2.95
103,turukhansk,0,RU,1548455623,49,65.8,87.96,-16.6,2.95
104,tateyama,75,JP,1548453600,100,36.66,137.31,32.0,6.93
105,arraial do cabo,75,BR,1548450000,83,-22.97,-42.02,75.2,2.24
106,quchan,8,IR,1548455624,72,37.11,58.51,16.66,2.39
107,helena,90,US,1548453180,81,46.59,-112.04,30.92,4.7
108,port lincoln,92,AU,1548455624,94,-34.72,135.86,66.52,8.77
109,vanimo,92,PG,1548455625,99,-2.67,141.3,83.89,13.8
110,rio negro,56,PE,1548455625,96,-11.21,-74.66,69.8,1.61
111,chala,8,TZ,1548455625,89,-7.6,31.27,56.89,2.62
112,sorland,75,NO,1548453000,74,67.67,12.69,28.4,9.17
113,keningau,90,MY,1548453600,100,5.33,116.16,75.2,4.7
114,ponta delgada,75,PT,1548453600,67,37.73,-25.67,60.8,11.41
115,eldama ravine,0,KE,1548453600,76,0.05,35.72,55.4,3.36
116,cayenne,75,GF,1548453600,74,4.94,-52.33,78.8,5.82
117,bollnas,88,SE,1548455627,90,61.35,16.39,15.17,2.39
118,mataura,76,NZ,1548455627,88,-46.19,168.86,59.9,19.62
119,makakilo city,20,US,1548453420,54,21.35,-158.09,80.96,12.75
120,kavaratti,8,IN,1548455627,100,10.57,72.64,80.74,6.98
121,longyearbyen,20,NO,1548453000,72,78.22,15.63,12.2,5.82
122,vao,80,EE,1548455628,86,59.1,26.19,10.72,8.66
123,caravelas,32,BR,1548455628,100,-17.73,-39.27,81.05,14.47
124,evensk,48,RU,1548455628,100,61.92,159.24,-6.97,8.21
125,gilleleje,80,DK,1548453000,85,56.12,12.31,28.4,5.82
126,takoradi,24,GH,1548455629,100,4.89,-1.75,81.23,8.1
127,tarakan,40,ID,1548453600,88,3.3,117.63,75.2,3.36
128,kovdor,88,RU,1548455629,71,67.56,30.47,-2.34,2.51
129,balaipungut,80,ID,1548455629,99,1.11,101.31,74.44,2.17
130,yellowknife,90,CA,1548453840,76,62.45,-114.38,-11.21,9.17
131,yulara,8,AU,1548453600,35,-25.24,130.99,87.8,9.17
132,komsomolskiy,20,RU,1548455630,40,67.55,63.78,-26.37,3.18
133,ahipara,36,NZ,1548455631,72,-35.17,173.16,73.36,6.64
134,afsin,64,TR,1548455631,81,38.25,36.91,21.11,3.62
135,bluff,44,AU,1548455632,59,-23.58,149.07,83.57,10.89
136,coquimbo,75,CL,1548453600,77,-29.95,-71.34,64.4,11.41
137,san luis,76,AR,1548455632,94,-33.3,-66.34,72.59,7.2
138,dingle,20,PH,1548455633,87,11.0,122.67,75.11,18.5
139,hirara,75,JP,1548453600,59,24.8,125.28,62.6,13.87
140,barrow,92,AR,1548455633,95,-38.31,-60.23,75.38,12.01
141,zhoucheng,0,CN,1548453600,63,31.35,119.33,30.2,4.47
142,petropavlovsk-kamchatskiy,8,RU,1548453600,70,53.05,158.65,1.4,8.95
143,singaraja,48,ID,1548455634,94,-8.11,115.08,76.69,2.17
144,ahuimanu,1,US,1548453420,64,21.44,-157.84,80.96,9.17
145,svetlaya,0,RU,1548455634,100,46.54,138.33,20.26,7.43
146,sinnar,0,IN,1548455612,69,19.85,74.0,39.47,4.18
147,ishigaki,75,JP,1548453600,63,24.34,124.16,62.6,13.87
148,marawi,36,PH,1548455635,93,8.0,124.29,71.87,3.18
149,mitu,20,IR,1548455635,89,36.2,46.09,31.28,3.85
150,tautira,75,PF,1548453600,62,-17.73,-149.15,87.8,11.41
151,aurich,92,DE,1548451200,100,53.47,7.48,33.8,9.17
152,geraldton,20,CA,1548453600,56,49.72,-86.95,-18.41,4.7
153,awbari,0,LY,1548455636,39,26.59,12.77,46.13,11.79
154,belaya kholunitsa,44,RU,1548455636,78,58.84,50.85,-0.72,10.22
155,eureka,1,US,1548453300,79,40.8,-124.16,59.0,6.93
156,paamiut,88,GL,1548455637,97,61.99,-49.67,30.79,43.55
157,quatre cocos,40,MU,1548453600,88,-20.21,57.76,78.8,8.05
158,skjervoy,0,NO,1548455637,100,70.03,20.97,23.63,21.07
159,methoni,76,GR,1548453000,76,36.82,21.7,51.8,10.29
160,nagato,75,JP,1548453600,93,34.35,131.14,39.2,5.82
161,asyut,0,EG,1548450000,43,27.18,31.19,55.4,4.7
162,fort frances,1,CA,1548453300,53,48.61,-93.4,-9.94,6.93
163,saskylakh,24,RU,1548455638,48,71.97,114.09,-16.51,9.78
164,kahului,40,US,1548453360,67,20.89,-156.47,82.04,13.87
165,sioux lookout,5,CA,1548453600,56,50.1,-91.92,-14.81,5.82
166,kapaa,90,US,1548453360,84,22.08,-159.32,71.96,24.16
167,prieska,0,ZA,1548455639,36,-29.67,22.74,62.74,8.32
168,sinnamary,20,GF,1548455639,94,5.38,-52.96,79.25,9.78
169,bocanda,20,CI,1548455639,72,7.06,-4.5,75.74,1.95
170,biak,20,ID,1548455640,83,-0.91,122.88,84.29,3.18
171,yumen,20,CN,1548455640,50,40.29,97.04,-6.7,3.96
172,dwarka,20,IN,1548453600,87,28.58,77.04,50.0,4.7
173,skibbereen,75,IE,1548453600,93,51.55,-9.27,44.6,6.93
174,trelew,0,AR,1548455640,17,-43.25,-65.31,71.78,18.28
175,sitka,0,US,1548455641,49,37.17,-99.65,39.34,7.54
176,bud,0,NO,1548453000,54,62.91,6.91,33.8,10.29
177,cururupu,68,BR,1548455641,88,-1.82,-44.87,78.49,6.2
178,port elizabeth,1,US,1548453360,39,39.31,-74.98,37.94,12.75
179,oktyabrskoye,40,RU,1548453600,76,56.73,85.44,-5.81,15.66
180,sao borja,0,BR,1548455642,69,-28.66,-56.0,84.34,11.01
181,tuktoyaktuk,90,CA,1548453600,83,69.44,-133.03,-4.01,16.11
182,berlevag,75,NO,1548453000,85,70.86,29.09,19.4,10.29
183,inzer,32,RU,1548455643,70,54.22,57.56,-2.74,6.2
184,jiayuguan,0,CN,1548455643,50,39.77,98.29,-13.99,2.62
185,hithadhoo,8,MV,1548455643,100,-0.6,73.08,81.77,3.96
186,tura,8,IN,1548455643,81,25.52,90.21,52.25,3.4
187,kavieng,68,PG,1548455644,100,-2.57,150.8,84.07,8.99
188,nelson bay,0,AU,1548453600,62,-32.72,152.14,86.0,5.82
189,lagodekhi,75,GE,1548453600,64,41.83,46.28,39.2,11.41
190,liverpool,90,GB,1548454800,87,53.41,-2.98,48.2,10.29
191,kaniama,48,CD,1548455645,94,-7.57,24.18,69.62,2.28
192,le pont-de-claix,0,FR,1548453600,68,45.12,5.7,30.2,10.29
193,norman wells,90,CA,1548453600,77,65.28,-126.83,1.4,8.05
194,houma,32,CN,1548455645,87,35.63,111.36,17.33,2.51
195,lebu,0,ET,1548453600,77,8.96,38.73,59.0,2.24
196,khatanga,44,RU,1548455646,74,71.98,102.47,-11.11,16.37
197,cabo san lucas,75,MX,1548452700,64,22.89,-109.91,75.2,9.17
198,angoche,80,MZ,1548455646,100,-16.23,39.91,79.25,7.2
199,kochetok,90,UA,1548453600,78,49.87,36.73,14.0,17.9
200,jalu,0,LY,1548455646,18,29.03,21.55,54.23,12.12
201,tiarei,75,PF,1548453600,62,-17.53,-149.33,87.8,11.41
202,east london,64,ZA,1548455647,100,-33.02,27.91,68.59,16.26
203,kall,75,DE,1548454800,100,50.54,6.56,39.2,8.05
204,souillac,90,FR,1548453600,93,45.6,-0.6,48.2,4.7
205,laguna,75,MX,1548452700,20,27.52,-110.01,77.0,6.93
206,alofi,80,NU,1548455648,100,-19.06,-169.92,80.92,9.1
207,limbang,75,BN,1548453600,100,4.75,115.01,77.0,3.36
208,silopi,0,IQ,1548455648,100,37.25,42.47,34.66,2.95
209,honiara,92,SB,1548455648,86,-9.43,159.96,81.95,3.06
210,valparaiso,90,US,1548454500,65,41.47,-87.06,10.4,10.29
211,kieta,24,PG,1548455649,96,-6.22,155.63,83.57,2.73
212,sulangan,44,PH,1548455649,99,11.14,123.72,78.76,26.33
213,yelizovo,8,RU,1548453600,70,53.19,158.38,1.4,8.95
214,iberia,0,PE,1548455650,83,-11.41,-69.49,79.43,2.28
215,karratha,20,AU,1548455650,64,-20.74,116.85,86.0,18.84
216,mattru,44,SL,1548455650,77,7.62,-11.83,78.71,5.86
217,nome,1,US,1548454500,32,30.04,-94.42,60.44,5.82
218,egvekinot,92,RU,1548455651,80,66.32,-179.17,-5.62,11.12
219,khabary,56,RU,1548455651,73,53.63,79.53,-2.34,11.01
220,antofagasta,20,CL,1548453600,68,-23.65,-70.4,69.8,12.75
221,urdoma,44,RU,1548455651,65,61.74,48.55,-8.55,4.74
222,esperance,20,TT,1548453600,65,10.24,-61.45,80.6,13.87
223,padang,20,ID,1548453600,94,-0.92,100.36,77.0,2.24
224,havelock,1,US,1548453480,39,34.88,-76.9,50.0,4.7
225,chadiza,56,ZM,1548455652,93,-14.06,32.43,62.02,2.62
226,gelnhausen,75,DE,1548454800,93,50.2,9.19,32.0,14.99
227,myitkyina,0,MM,1548455653,88,25.38,97.4,51.35,1.5
228,noumea,0,NC,1548453600,48,-22.28,166.46,82.4,2.24
229,hami,68,CN,1548455653,70,42.84,93.51,12.11,1.95
230,kavali,0,IN,1548455636,92,14.91,79.99,67.28,2.84
231,teguise,75,ES,1548453600,77,29.06,-13.56,62.6,2.24
232,kulhudhuffushi,0,MV,1548455654,100,6.62,73.07,80.74,5.86
233,lebedinyy,68,RU,1548455654,70,58.52,125.52,-2.83,2.51
234,amahai,12,ID,1548455654,100,-3.31,129.0,84.2,7.09
235,mahebourg,40,MU,1548453600,88,-20.41,57.7,78.8,8.05
236,ibateguara,20,BR,1548453600,78,-8.97,-35.93,77.0,6.93
237,rundu,92,NA,1548455655,51,-17.91,19.77,80.06,4.85
238,itabera,44,BR,1548455655,83,-23.86,-49.14,71.51,8.99
239,sherlovaya gora,0,RU,1548455655,53,50.53,116.31,-11.7,4.74
240,oranjemund,0,ZA,1548455656,89,-28.55,16.43,61.7,26.11
241,laksham,0,BD,1548455656,81,23.25,91.14,54.01,2.84
242,namibe,8,AO,1548455656,100,-15.19,12.15,74.84,2.28
243,obo,32,CF,1548455656,39,5.39,26.49,79.16,8.21
244,raton,1,US,1548453240,22,36.9,-104.44,41.0,6.93
245,tala,75,MX,1548453300,25,20.65,-103.7,78.8,6.93
246,yatou,20,CM,1548450000,94,3.63,9.81,80.6,1.12
247,balasheyka,44,RU,1548455657,68,53.28,48.09,-9.54,3.74
248,pangkalanbuun,48,ID,1548455657,89,-2.68,111.62,76.19,4.63
249,trelleborg,90,SE,1548453000,86,55.38,13.15,28.4,3.36
250,obama,88,JP,1548455658,100,35.49,135.74,34.88,12.01
251,harnosand,90,SE,1548453000,92,62.63,17.94,19.4,5.82
252,porbandar,0,IN,1548455658,88,21.64,69.61,57.16,13.13
253,lasa,20,CY,1548453600,76,34.92,32.53,55.4,9.17
254,mar del plata,0,AR,1548455451,47,-46.43,-67.52,59.09,13.35
255,vielsalm,75,BE,1548454800,100,50.29,5.92,37.4,13.87
256,portland,90,US,1548453360,70,45.52,-122.67,50.0,3.36
257,aklavik,90,CA,1548453600,84,68.22,-135.01,-0.41,2.24
258,bozoum,24,CF,1548455659,37,6.31,16.38,71.56,7.87
259,nowy tomysl,90,PL,1548453600,85,52.32,16.13,24.8,3.36
260,ostrovnoy,8,RU,1548455660,92,68.05,39.51,0.82,7.2
261,salalah,20,OM,1548453000,68,17.01,54.1,69.8,4.7
262,aljezur,0,PT,1548455660,100,37.31,-8.8,55.85,3.96
263,hovd,0,NO,1548453000,63,63.83,10.7,28.4,16.11
264,khor,32,RU,1548455661,73,47.88,134.96,-2.56,4.41
265,flinders,0,AU,1548453600,51,-34.58,150.85,86.0,6.93
266,la ronge,75,CA,1548453600,76,55.1,-105.3,-9.41,5.82
267,lyubashivka,80,UA,1548455661,96,47.84,30.26,25.61,6.76
268,san carlos de bariloche,20,AR,1548453600,42,-41.13,-71.31,62.6,32.21
269,rimoc,56,HU,1548455662,89,48.04,19.53,21.34,2.73
270,muisne,20,EC,1548453600,78,0.61,-80.02,82.4,10.29
271,manacapuru,20,BR,1548453600,88,-3.3,-60.62,80.6,4.07
272,santiago,0,CL,1548453600,35,-33.44,-70.65,89.6,9.17
273,mahajanga,40,MG,1548453600,83,-15.72,46.32,82.4,6.93
274,dullewala,0,PK,1548455663,85,31.84,71.44,37.72,4.74
275,jawa,0,NG,1548455663,47,12.81,11.04,68.32,3.62
276,ormara,48,PK,1548455664,97,25.21,64.64,65.17,5.64
277,cotonou,40,BJ,1548453600,83,6.37,2.43,84.2,12.75
278,curup,68,ID,1548455664,97,-3.47,102.53,70.79,2.28
279,agadez,8,NE,1548455664,39,16.97,7.99,51.35,6.76
280,chokurdakh,20,RU,1548455664,0,70.62,147.9,-37.03,3.18
281,quang ngai,100,VN,1548455665,99,15.12,108.8,60.71,1.72
282,callaway,1,US,1548454560,68,46.98,-95.91,-2.93,5.75
283,kaseda,40,JP,1548453600,51,31.42,130.32,42.8,17.22
284,sturgeon falls,75,CA,1548453600,77,46.36,-79.93,1.4,17.22
285,chandbali,0,IN,1548455666,100,20.77,86.74,65.66,6.08
286,sumber,68,ID,1548455666,100,-6.76,108.48,78.76,13.8
287,flin flon,75,CA,1548453600,68,54.77,-101.88,-14.81,2.24
288,bambanglipuro,44,ID,1548455666,96,-7.95,110.28,73.58,4.41
289,tarata,40,PE,1548453600,60,-17.47,-70.03,73.4,9.17
290,tak bai,75,TH,1548453600,94,6.26,102.05,68.0,1.12
291,leningradskiy,88,RU,1548455667,96,69.38,178.42,-8.1,12.68
292,alyangula,32,AU,1548453600,78,-13.85,136.42,80.6,11.01
293,puerto del rosario,75,ES,1548453600,77,28.5,-13.86,64.4,6.93
294,pacific grove,1,US,1548453600,47,36.62,-121.92,69.08,4.7
295,liwale,24,TZ,1548455668,91,-9.8,37.92,71.78,3.96
296,sao felix do xingu,56,BR,1548455668,100,-6.64,-51.99,71.74,1.72
297,at-bashi,8,KG,1548455669,58,41.17,75.81,-17.68,2.39
298,mayumba,92,GA,1548455669,100,-3.44,10.65,76.37,6.42
299,kuruman,0,ZA,1548455669,17,-27.46,23.43,70.66,8.66
300,stavrovo,76,RU,1548455669,78,56.13,40.01,-4.0,5.64
301,una,40,BR,1548450000,74,-15.29,-39.07,84.2,9.17
302,ambilobe,92,MG,1548455670,97,-13.19,49.05,75.56,4.07
303,pevek,48,RU,1548455670,100,69.7,170.27,-18.49,4.18
304,thinadhoo,8,MV,1548455670,100,0.53,72.93,80.74,4.74
305,mount gambier,90,AU,1548453600,77,-37.83,140.78,64.4,6.93
306,halifax,20,CA,1548453600,64,44.65,-63.58,33.8,9.17
307,beringovskiy,88,RU,1548455671,90,63.05,179.32,5.45,24.76
308,broome,68,GB,1548455160,93,52.47,1.45,48.2,13.87
309,beian,0,NO,1548453000,63,63.66,9.57,28.4,33.33
310,muros,20,ES,1548453600,87,42.77,-9.06,46.4,4.7
311,saint-joseph,0,FR,1548453600,74,43.56,6.97,42.8,4.7
312,acapulco,75,MX,1548452940,70,16.86,-99.88,84.2,6.93
313,kerema,48,PG,1548455672,50,-7.96,145.78,89.6,2.06
314,tete,75,MZ,1548453600,94,-16.16,33.59,77.0,6.93
315,arnprior,75,CA,1548453600,44,45.44,-76.36,17.6,14.99
316,namatanai,88,PG,1548455673,100,-3.66,152.44,83.21,8.21
317,san patricio,0,PY,1548455673,70,-26.98,-56.83,85.19,3.62
318,new norfolk,75,AU,1548453600,48,-42.78,147.06,64.4,9.17
319,bonthe,8,SL,1548455674,80,7.53,-12.5,80.29,5.64
320,zhuhai,0,CN,1548453600,32,40.71,112.04,8.6,6.71
321,ilulissat,12,GL,1548453000,44,69.22,-51.1,19.4,4.7
322,hobyo,80,SO,1548455674,84,5.35,48.53,76.42,19.73
323,astana,90,KZ,1548453600,85,51.13,71.43,19.4,20.13
324,tuatapere,64,NZ,1548455675,74,-46.13,167.69,66.16,23.87
325,novikovo,0,UA,1548455675,100,45.05,34.56,30.38,2.17
326,medyn,80,RU,1548453600,92,54.97,35.86,6.8,8.95
327,kolobrzeg,76,PL,1548455675,99,54.18,15.58,18.37,8.66
328,kargasok,76,RU,1548455676,74,59.06,80.87,5.99,3.62
329,lagoa,0,PT,1548453600,87,37.14,-8.45,55.4,3.36
330,maniitsoq,56,GL,1548455676,100,65.42,-52.9,16.52,10.67
331,ugoofaaru,44,MV,1548455676,100,5.67,73.0,80.47,8.77
332,torbat-e jam,8,IR,1548455677,71,35.24,60.63,21.79,1.95
333,lavrentiya,76,RU,1548455677,100,65.58,-170.99,12.61,16.71
334,victor harbor,75,AU,1548453600,64,-35.55,138.62,69.8,13.87
335,nabire,24,ID,1548455677,81,-3.36,135.5,77.59,2.39
336,teya,90,MX,1548452520,57,21.05,-89.07,75.2,5.82
337,umm lajj,80,SA,1548455678,100,25.02,37.27,66.47,4.29
338,chifeng,0,CN,1548455678,57,42.27,118.96,4.42,2.39
339,tessalit,0,ML,1548455678,45,20.2,1.01,43.57,4.41
340,morristown,1,US,1548454500,43,36.21,-83.29,39.2,4.7
341,bethel,90,US,1548453360,100,60.79,-161.76,33.08,39.15
342,umkomaas,92,ZA,1548455680,99,-30.21,30.8,63.59,2.51
343,varzea paulista,40,BR,1548453600,82,-23.21,-46.83,66.2,14.99
344,san mateo,1,US,1548454500,51,37.54,-122.31,66.2,4.63
345,mitsamiouli,20,KM,1548453600,83,-11.38,43.28,77.0,4.7
346,eugene,75,US,1548453360,76,44.05,-123.1,50.0,6.93
347,avenal,20,US,1548453360,57,36.0,-120.13,66.02,4.7
348,posse,88,BR,1548455681,91,-14.08,-46.36,69.71,2.84
349,nivala,80,FI,1548455681,80,63.93,24.96,4.1,6.42
350,guiratinga,44,BR,1548455682,86,-16.35,-53.76,76.19,6.98
351,hun,75,BE,1548454800,93,50.34,4.87,39.2,13.87
352,makkaveyevo,32,RU,1548453600,75,51.75,113.95,-14.81,1.95
353,port arthur,1,US,1548454500,32,29.9,-93.93,60.44,5.82
354,kenai,75,US,1548453360,75,60.55,-151.26,37.04,20.8
355,rennes,90,FR,1548453600,93,48.11,-1.68,48.2,5.82
356,imbituba,40,BR,1548453600,78,-28.24,-48.67,80.6,8.05
357,hudiksvall,88,SE,1548455683,100,61.73,17.1,23.14,7.65
358,lorengau,88,PG,1548455683,100,-2.02,147.27,81.05,8.43
359,randfontein,32,ZA,1548453600,88,-26.17,27.69,68.0,1.12
360,ladario,0,PT,1548455684,78,40.7,-7.74,32.09,2.62
361,sao filipe,92,CV,1548455684,99,14.9,-24.5,71.33,10.78
362,itupiranga,40,BR,1548453600,88,-5.13,-49.33,82.4,4.7
363,lukovetskiy,75,RU,1548453600,68,64.29,41.92,-18.41,2.24
364,grand-lahou,44,CI,1548455685,94,5.24,-5.0,76.24,4.63
365,vaitape,68,PF,1548455685,100,-16.52,-151.75,81.91,7.76
366,krasnokamensk,0,RU,1548455685,50,50.1,118.04,-10.39,3.18
367,ronne,90,FR,1548453600,100,48.45,0.83,44.6,5.82
368,yar-sale,36,RU,1548455685,87,66.83,70.83,-19.75,3.29
369,oceanside,1,US,1548454500,13,33.2,-117.38,78.08,6.93
370,mackay,75,CA,1548453600,55,53.65,-115.58,39.2,14.99
371,rizhao,0,CN,1548455686,79,35.43,119.46,19.36,7.43
372,muzhi,32,RU,1548455686,67,65.4,64.7,-22.5,4.97
373,ayacucho,75,PE,1548453600,49,-13.16,-74.23,68.0,3.36
374,chongwe,0,ZM,1548453600,88,-15.33,28.68,69.8,4.7
375,soure,0,PT,1548450000,93,40.06,-8.63,48.2,1.12
376,lompoc,1,US,1548454500,32,34.64,-120.46,71.96,10.29
377,bandarbeyla,80,SO,1548455687,100,9.49,50.81,77.0,18.72
378,storm lake,1,US,1548454500,61,42.64,-95.21,15.98,8.05
379,tromso,0,NO,1548453000,57,69.65,18.96,19.4,5.82
380,kangaatsiaq,0,GL,1548455688,100,68.31,-53.46,9.86,10.67
381,puerto quijarro,40,BO,1548453600,79,-19.0,-57.72,84.2,2.24
382,carnarvon,0,ZA,1548455689,55,-30.97,22.13,58.91,14.25
383,sur,0,OM,1548455689,100,22.57,59.53,67.19,8.21
384,sedalia,40,US,1548454500,53,38.7,-93.23,32.0,14.99
385,beipiao,0,CN,1548455689,64,41.8,120.76,8.42,4.07
386,touros,20,BR,1548453600,74,-5.2,-35.46,82.4,11.41
387,waddan,0,LY,1548455690,48,29.16,16.14,44.78,15.37
388,benghazi,92,LY,1548455474,100,32.12,20.07,55.94,37.51
389,terrassa,0,ES,1548453600,80,41.57,2.01,42.8,4.7
390,imeni poliny osipenko,0,RU,1548455690,60,52.42,136.49,-7.06,2.84
391,barcelos,8,PT,1548453600,100,41.53,-8.62,48.2,2.24
392,lianzhou,0,CN,1548455691,97,24.79,112.38,39.02,1.95
393,jacareacanga,20,BR,1548450000,70,-6.22,-57.76,87.8,3.36
394,satipo,56,PE,1548455692,96,-11.26,-74.64,69.8,1.61
395,batemans bay,0,AU,1548455692,75,-35.71,150.18,79.16,4.41
396,haines junction,0,CA,1548455490,82,60.75,-137.51,27.41,5.3
397,sayyan,8,YE,1548455692,73,15.17,44.32,39.2,2.17
398,zimmi,56,SL,1548455692,91,7.31,-11.31,77.86,3.4
399,narsaq,64,GL,1548453000,37,60.91,-46.05,35.6,25.28
400,bambous virieux,40,MU,1548453600,88,-20.34,57.76,78.8,8.05
401,constitucion,75,MX,1548452640,5,23.99,-104.67,73.4,11.41
402,thunder bay,20,CA,1548453600,47,48.41,-89.26,-9.41,9.17
403,alzamay,76,RU,1548455694,86,55.55,98.67,10.22,3.74
404,wilmington,1,US,1548454500,39,39.75,-75.55,37.94,10.29
405,muttupet,0,IN,1548455694,100,10.4,79.48,71.74,3.06
406,kununurra,76,AU,1548453600,88,-15.77,128.74,80.6,6.2
407,pagsangahan,32,PH,1548455695,100,11.13,124.56,77.09,18.84
408,juba,90,EE,1548453000,85,57.82,26.93,10.4,6.93
409,srednekolymsk,44,RU,1548455695,40,67.46,153.71,-25.92,2.84
410,saint-francois,90,FR,1548453600,93,46.42,3.91,32.0,5.82
411,damavand,20,IR,1548453600,42,35.72,52.07,48.2,4.7
412,swindon,20,GB,1548454800,93,51.56,-1.79,44.6,6.93
413,millau,90,FR,1548453600,89,44.1,3.08,32.0,9.17
414,grindavik,75,IS,1548453600,100,63.84,-22.43,32.0,12.75
415,marion,1,US,1548453360,59,38.35,-97.02,39.92,17.22
416,izhevsk,48,RU,1548455697,70,56.87,53.21,1.4,8.77
417,bangassou,76,CF,1548455697,68,4.74,22.82,78.35,2.62
418,ribeira grande,40,PT,1548450000,87,38.52,-28.7,60.8,12.75
419,mathathane,32,BW,1548455698,58,-22.27,28.75,79.43,12.24
420,williams lake,90,CA,1548453600,100,52.13,-122.14,28.4,5.82
421,adrar,0,DZ,1548453600,30,27.87,-0.29,59.0,9.17
422,kostomuksha,24,RU,1548455698,73,64.59,30.6,-10.93,2.39
423,bismarck,40,US,1548454500,77,46.81,-100.78,1.04,6.31
424,qiongshan,40,CN,1548453600,100,20.01,110.35,57.2,10.0
425,harper,75,US,1548453300,61,30.3,-99.24,60.98,9.17
426,kalmunai,88,LK,1548455699,100,7.42,81.82,74.12,3.62
427,bilibino,48,RU,1548455699,54,68.06,166.44,-32.53,2.73
428,kimberley,0,ZA,1548453600,20,-28.74,24.76,77.0,8.05
429,mecca,12,SA,1548455700,90,21.43,39.83,63.01,2.73
430,oakland,20,US,1548454500,59,37.8,-122.27,67.82,6.93
431,ayan,56,TR,1548455701,93,40.67,33.6,35.02,6.31
432,coihaique,75,CL,1548453600,53,-45.58,-72.07,51.8,6.93
433,christchurch,12,NZ,1548453600,64,-43.53,172.64,68.0,6.93
434,nemuro,48,JP,1548455702,100,43.32,145.57,29.03,14.25
435,chenghai,0,CN,1548453600,100,23.46,116.77,53.6,2.24
436,hoima,0,UG,1548455702,84,1.43,31.35,64.13,2.73
437,junction city,1,US,1548453360,58,39.03,-96.83,42.08,6.93
438,acari,36,BR,1548455702,49,-6.44,-36.64,80.96,11.45
439,itaituba,20,BR,1548450000,83,-4.26,-55.99,80.6,2.24
440,parangan,36,PH,1548455703,100,5.08,119.94,80.6,8.77
441,bontang,92,ID,1548455703,100,0.12,117.47,75.79,6.08
442,pangnirtung,90,CA,1548453600,71,66.15,-65.72,5.0,23.04
443,ocos,40,GT,1548453600,49,14.51,-92.19,89.6,9.17
444,camocim,88,BR,1548455704,99,-2.9,-40.84,72.41,3.51
445,los llanos de aridane,92,ES,1548453600,72,28.66,-17.92,60.8,8.05
446,iqaluit,90,CA,1548453600,77,63.75,-68.52,6.8,3.36
447,marzuq,24,YE,1548455705,93,14.4,46.47,45.86,3.4
448,caico,44,PE,1548455705,63,-17.24,-70.29,54.5,1.72
449,lewiston,40,US,1548453900,46,44.1,-70.21,35.06,9.17
450,toul,92,FR,1548453600,98,48.68,5.89,37.4,13.87
451,caranavi,68,BO,1548455706,85,-15.83,-67.57,71.33,0.6
452,selenduma,32,RU,1548455706,70,50.92,106.24,-0.27,2.62
453,comana,90,RO,1548453600,100,44.17,26.14,30.2,17.22
454,kijang,0,KR,1548453600,38,35.24,129.21,26.6,5.82
455,kaohsiung,20,TW,1548453600,87,22.62,120.31,60.8,4.7
456,kjollefjord,0,NO,1548453000,85,70.95,27.35,21.2,10.29
457,casablanca,75,MA,1548453600,100,33.6,-7.62,55.4,8.05
458,lebedyan,56,RU,1548455707,74,53.01,39.13,0.41,11.23
459,jupiter,1,US,1548454500,68,26.93,-80.09,64.4,12.75
460,cornwall,20,CA,1548453300,54,45.02,-74.73,23.0,20.8
461,turinsk,64,RU,1548455708,85,58.04,63.7,2.71,2.39
462,sambava,24,MG,1548455708,100,-14.27,50.17,81.41,7.54
463,mareeba,75,AU,1548453600,94,-16.99,145.42,75.2,12.75
464,skogn,0,NO,1548453000,63,63.7,11.19,26.6,16.11
465,piney green,1,US,1548454800,44,35.09,-78.48,50.0,4.52
466,tinaquillo,8,VE,1548455709,72,9.92,-68.31,72.86,3.74
467,meulaboh,76,ID,1548455709,100,4.14,96.13,78.17,4.41
468,concordia,0,AR,1548455709,77,-31.4,-58.02,82.04,9.78
469,yerbogachen,44,RU,1548455710,74,61.28,108.01,-0.09,4.18
470,bakchar,64,RU,1548455710,73,57.02,82.07,6.22,6.98
471,nibe,76,DK,1548455710,99,56.98,9.64,25.07,12.8
472,yinchuan,0,CN,1548455711,58,38.48,106.21,2.89,2.62
473,mount isa,44,AU,1548453600,74,-20.73,139.49,78.8,3.36
474,zyryanka,76,RU,1548455711,73,65.73,150.89,-24.39,2.95
475,saint-pierre,90,FR,1548453600,100,48.95,4.24,37.4,16.11
476,naze,40,NG,1548453600,83,5.43,7.07,77.0,2.24
477,beira,40,ES,1548453600,93,43.2,-8.36,44.6,2.24
478,tayga,20,RU,1548455712,37,64.77,43.49,-24.75,1.95
479,fukue,20,JP,1548453600,100,35.03,136.69,42.8,31.09
480,hutchinson,1,US,1548453360,40,38.06,-97.93,48.02,14.99
481,haverfordwest,92,GB,1548453000,93,51.8,-4.97,46.4,3.36
482,careiro da varzea,20,BR,1548453600,88,-3.2,-59.81,80.6,2.39
483,roebourne,20,AU,1548455708,64,-20.77,117.15,86.0,18.84
484,fairbanks,90,US,1548453480,95,64.84,-147.72,28.04,11.34
485,waipawa,8,NZ,1548455714,62,-39.94,176.59,70.66,12.46
486,alta floresta,24,BR,1548455714,93,-9.87,-56.08,76.91,2.17
487,verkhoyansk,56,RU,1548455714,0,67.55,133.39,-43.06,1.95
488,faanui,88,PF,1548455714,100,-16.48,-151.75,83.12,8.1
489,dudinka,56,RU,1548455715,64,69.41,86.18,-21.82,9.55
490,luderitz,0,NA,1548455715,65,-26.65,15.16,62.56,21.85
491,bundaberg,40,AU,1548453600,69,-24.87,152.35,80.6,6.93
492,long,20,CN,1548455716,95,19.18,109.54,59.14,2.39
493,matane,20,CA,1548453600,72,48.83,-67.52,15.8,10.29
494,kenora,5,CA,1548453600,62,49.76,-94.48,-13.01,8.05
495,jutai,68,BR,1548455716,96,-1.71,-47.89,76.37,2.73
496,dudhani,0,IN,1548455716,61,17.36,76.37,60.08,5.64
497,igarka,24,RU,1548455716,71,67.47,86.57,-15.75,7.43
498,ayame,8,CI,1548455717,99,5.61,-3.16,75.38,5.97
499,tabou,76,CI,1548455717,100,4.42,-7.36,80.92,9.33
500,te anau,88,NZ,1548455717,79,-45.41,167.72,59.45,15.7
501,uporovo,68,RU,1548455717,79,56.31,66.27,6.76,10.45
502,mashhad,0,IR,1548453600,51,36.3,59.61,39.2,4.7
503,umm kaddadah,0,SD,1548455718,47,13.6,26.69,62.51,3.85
504,along,0,IN,1548455718,68,28.17,94.8,49.96,2.39
505,shimoda,0,JP,1548455718,100,34.7,138.93,47.93,15.82
506,kidal,32,ML,1548455719,28,18.44,1.41,52.43,10.33
507,pandua,0,IN,1548453600,87,23.08,88.29,60.8,5.82
508,ancud,80,CL,1548453600,44,-41.87,-73.83,60.8,13.87
509,moose factory,90,CA,1548454140,61,51.26,-80.61,-22.01,4.7
510,kutum,12,SD,1548455719,59,14.2,24.66,56.44,2.95
511,pakxe,0,LA,1548455720,82,15.12,105.78,60.22,2.95
512,ossora,68,RU,1548455720,93,59.24,163.07,0.41,8.77
513,senlis,75,FR,1548453600,93,49.21,2.58,44.6,6.93
514,sydney,0,AU,1548453600,69,-33.85,151.22,82.4,5.82
515,makokou,88,GA,1548455720,99,0.56,12.85,70.7,2.39
516,ornskoldsvik,88,SE,1548453000,85,63.29,18.72,17.6,5.82
517,buchanan,40,LR,1548453600,88,5.88,-10.05,78.8,6.2
518,ati,12,TD,1548455721,55,13.21,18.34,66.56,2.95
519,masjid tanah,75,MY,1548453600,83,2.35,102.11,78.8,9.17
520,laramie,1,US,1548453480,59,41.31,-105.59,30.02,14.81
521,khash,0,IR,1548455722,82,28.22,61.21,33.71,6.53
522,krasnyy luch,88,RU,1548453600,84,55.97,38.97,-0.41,4.47
523,taperoa,32,BR,1548455722,57,-7.21,-36.83,78.31,11.68
524,hailar,12,CN,1548455723,68,49.2,119.7,-2.25,12.46
525,hazorasp,0,UZ,1548451800,74,41.32,61.08,35.6,9.17
526,kulebaki,44,RU,1548455723,69,55.41,42.53,-9.58,2.39
527,cervo,56,BR,1548455723,88,-22.19,-46.24,65.75,1.95
528,shigony,44,RU,1548455724,70,53.39,48.68,-9.85,4.52
529,sao jose da coroa grande,24,BR,1548455724,99,-8.9,-35.15,73.27,5.19
530,denpasar,75,ID,1548453600,78,-8.65,115.22,82.4,17.22
531,guerrero negro,0,MX,1548455724,31,27.97,-114.04,74.84,4.74
532,udachnyy,20,RU,1548455725,46,66.42,112.4,-29.29,2.73
533,olinda,75,EC,1548453600,62,-2.03,-79.75,87.8,5.82
534,keti bandar,0,PK,1548455725,100,24.14,67.45,66.65,5.19
535,baykit,76,RU,1548455726,71,61.68,96.39,-3.1,2.73
536,gilgit,64,PK,1548455427,84,35.92,74.31,9.19,1.28
537,kyren,32,RU,1548455726,61,51.68,102.13,-10.89,2.06
538,tecoanapa,75,MX,1548452940,70,16.99,-99.26,84.2,6.93
539,rudnya,0,RU,1548455726,55,50.8,44.56,-10.8,5.19
540,rokytne,92,UA,1548455727,88,51.27,27.23,19.67,7.54
541,yima,0,CN,1548455727,81,34.75,111.87,19.54,3.4
542,grafton,0,AU,1548453600,69,-29.69,152.93,78.8,10.29
543,sampit,68,ID,1548455728,97,-2.54,112.95,75.07,4.63
544,sandwick,90,GB,1548453000,100,54.57,-2.89,44.6,26.4
545,amurzet,0,CN,1548455728,60,47.69,131.09,5.0,9.66
546,northport,1,US,1548453180,38,33.23,-87.58,51.08,10.29
547,hofn,32,IS,1548455728,100,64.25,-15.21,34.07,21.41
548,taltal,0,CL,1548455729,72,-25.41,-70.49,68.99,2.39
549,ottumwa,90,US,1548454500,73,41.02,-92.41,24.8,10.29
550,virginia beach,40,US,1548453540,41,36.85,-75.98,46.04,9.17
551,college,90,US,1548453480,95,64.86,-147.8,28.04,11.34
552,fenoarivo,75,MG,1548453600,93,-18.93,47.44,66.2,5.82
553,camacha,75,PT,1548453600,72,33.08,-16.33,62.6,4.7
554,kushiro,75,JP,1548453600,49,43.11,144.15,24.8,5.82
555,karpathos,0,GR,1548454800,55,35.51,27.21,60.8,24.16
556,mazatlan,75,MX,1548452400,47,23.22,-106.42,80.6,6.93
557,hambantota,75,LK,1548450600,100,6.12,81.12,77.0,5.82
558,carauari,68,BR,1548455731,91,-4.88,-66.9,77.27,3.4
559,tazovskiy,8,RU,1548455731,61,67.47,78.7,-33.52,3.18
560,suba,92,CN,1548455732,92,28.73,103.51,38.48,2.17
561,ozernovskiy,36,RU,1548455732,100,51.5,156.52,17.47,5.75
562,slave lake,90,CA,1548453600,60,55.28,-114.77,39.2,18.34
563,san juan,75,PH,1548453600,83,14.6,121.03,75.2,4.7
564,santa rosa,48,AR,1548455544,95,-36.62,-64.29,75.79,2.62
565,garhi khairo,68,PK,1548455735,98,28.06,67.98,46.99,6.42
566,calvinia,0,ZA,1548455735,55,-31.47,19.78,55.99,5.41
567,greenwood,0,US,1548454500,24,32.03,-101.9,62.42,4.7
568,aswan,68,EG,1548455532,80,24.09,32.9,62.87,1.28
569,venado tuerto,20,AR,1548455494,64,-33.75,-61.97,88.16,13.58
570,kuala terengganu,75,MY,1548453600,94,5.33,103.14,71.6,2.24
571,iquique,0,CL,1548453600,64,-20.22,-70.14,73.4,17.22
572,rosetta,0,EG,1548459903,72,31.4,30.42,50.77,12.12
